id,status,name,manufacturer,algorithm,hashrate,unit,power_w,voltage,build,lottery,coins,noise,cooling_note,equivalent,ebay_search,amazon_search,phase,cooling,source_url,last_verified,notes,verdict,voltage_range,memory_gb,etc_dag_ok_until
a9-plus-zmaster,keep,Innosilicon A9+ ZMaster,Innosilicon,Equihash,120,kSol/s,1550,240V,stock,no,ZEC;KMD,Very Loud (75+ dB),Needs Ventilation,💇 Hair dryer,innosilicon a9 zmaster,,single,air,https://pool.kryptex.com/device/asic/innosilicon/a9-plus-zmaster | https://www.asicminervalue.com/miners/innosilicon/a9-zmaster-1,2026-10-07,,verified (2 databases),external PSU,,
a9-zmaster,keep,Innosilicon A9 ZMaster,Innosilicon,Equihash,50,kSol/s,620,240V,stock,no,ZEC;KMD,Loud (65-75 dB),Needs Ventilation,🔥 Space heater,innosilicon a9 zmaster,,single,air,https://www.asicminervalue.com/miners/innosilicon/a9-zmaster | https://minerstat.com/hardware/innosilicon-a9-zmaster,2026-10-07,,verified (3 databases),external PSU,,
a9pp-zmaster,keep,Innosilicon A9++ ZMaster,Innosilicon,Equihash,140,kSol/s,1550,240V,stock,no,ZEC;KMD,Very Loud (75+ dB),Needs Ventilation,💇 Hair dryer,innosilicon a9 zmaster,,single,air,https://pool.kryptex.com/device/asic/innosilicon/a9-plus-plus-zmaster | https://www.asicminervalue.com/miners/innosilicon/a9-zmaster-2,2026-10-07,,verified (4 databases),external PSU,,
al-box-iii,keep,AL-BOX III,Goldshell,Blake3,1.25,TH/s,600,120V,stock,no,ALPH,Fan (30-50 dB),Room Temp,🖥 Desktop PC,goldshell al box alephium,,single,air,https://www.goldshell.com/product/goldshell-al-box-iii/,2026-10-07,,CORRECTED (was 1.2 TH/s) - Goldshell official,12V DC + PSU,,
al-max,keep,AL Max,Goldshell,Blake3,8.3,TH/s,3350,240V,stock,no,ALPH,Very Loud (75+ dB),Needs Ventilation,🍳 Electric oven,goldshell al max alephium,,single,air,https://d-central.tech/miners/al-max/ | https://www.asicminervalue.com/miners/goldshell/al-max,2026-10-07,,verified (4 sources),180-280V,,
antminer-ks3,keep,Antminer KS3,Bitmain,KHeavyHash,9.4,TH/s,3500,240V,stock,no,KAS,Very Loud (75+ dB),Needs Ventilation,🍳 Electric oven,antminer ks3,,single,air,https://d-central.tech/miners/antminer-ks3-9-4th/,2026-10-07,,verified (Bitmain spec via D-Central),200-240V,,
antminer-ks5,keep,Antminer KS5,Bitmain,KHeavyHash,20,TH/s,3000,240V,stock,no,KAS,Very Loud (75+ dB),Needs Ventilation,🍳 Electric oven,antminer ks5,,single,air,https://support.bitmain.com/hc/en-us/articles/29471533336345,2026-10-07,,verified (Bitmain official),220-277V,,
antminer-ks5-pro,keep,Antminer KS5 Pro,Bitmain,KHeavyHash,21,TH/s,3150,240V,stock,no,KAS,Very Loud (75+ dB),Needs Ventilation,🍳 Electric oven,antminer ks5 pro,,single,air,https://d-central.tech/antminer-ks5-family/ | https://www.asicminervalue.com/miners/bitmain/antminer-ks5-pro-21th,2026-10-07,,verified (2 sources),220-277V,,
antminer-ks7,keep,Antminer KS7,Bitmain,KHeavyHash,40,TH/s,3080,240V,stock,no,KAS,Very Loud (75+ dB),Needs Ventilation,🍳 Electric oven,antminer ks7,,single,air,https://www.asicminervalue.com/miners/bitmain/antminer-ks7-40th | https://pool.kryptex.com/device/asic/bitmain/antminer-ks7,2026-10-07,,verified (3 databases),220-277V,,
avalon-a15pro-218t,keep,Avalon A15Pro 218T,Canaan,SHA-256,218,TH/s,3662,240V,stock,no,BTC;BCH;DGB,,,🍳 Electric oven,avalon a15 pro,,single,air,https://www.asicminervalue.com/miners/canaan/a15pro-218t | https://d-central.tech/avalon-a-series/,2026-10-07,Was missing from calculator,verified (3 sources),not published,,
bitaxe-hex,keep,Bitaxe Hex,Open Source,SHA-256,3,TH/s,90,120V,stock,yes,BTC;BCH;DGB,Fan (30-50 dB),Room Temp,💡 Incandescent bulb,bitaxe hex,bitaxe hex,single,air,https://d-central.tech/manuals/bitaxe-hex-setup-guide/,2026-10-07,,"approximate - open source, no official rating",12V DC,,
bitaxe-ultra,keep,Bitaxe Ultra,Open Source,SHA-256,425,GH/s,11,120V,stock,yes,BTC;BCH;DGB,Silent (0-30 dB),Room Temp,💡 LED bulb,bitaxe ultra,bitaxe ultra,single,air,https://asicminervalue.com/miners/bitaxe/ultra-1366 | https://pool.kryptex.com/ms/device/asic/Bitaxe/ultra-201,2026-10-07,,"CORRECTED (was 0.5 TH/s, 15W) - 2 databases",5V DC,,
compac-f,keep,Compac F,Skot,SHA-256,0.3,TH/s,7,120V,stock,yes,BTC;BCH;DGB,Silent (0-30 dB),Room Temp,💡 LED bulb,gekkoscience compac f,gekkoscience compac f,single,air,https://www.publish0x.com/theminingblog/review-of-the-gekkoscience-compac-f-usb-miner-xdgzwje,2026-10-07,,"approximate - varies by clock (200-350 GH/s, 5-15W)",USB 5V,,
d3,remove,Antminer D3,Bitmain,X11,19.3,GH/s,1200,120V,stock,no,DASH,Loud (50-70 dB),Room Temp,💇 Hair dryer,antminer d3,,single,air,,,Obsolete (your decision),,,,
d7,keep,Antminer D7,Bitmain,X11,1286,GH/s,3148,240V,stock,no,DASH,Very Loud (75+ dB),Needs Ventilation,🍳 Electric oven,antminer d7,,single,air,https://d-central.tech/miners/antminer-d7-1286gh/,2026-10-07,,verified (Bitmain spec via D-Central),200-240V,,
d9,keep,Antminer D9,Bitmain,X11,1770,GH/s,2839,240V,stock,no,DASH,Very Loud (75+ dB),Needs Ventilation,🍳 Electric oven,antminer d9,,single,air,https://support.bitmain.com/hc/en-us/articles/18573797811353,2026-10-07,,verified (Bitmain official),200-240V,,
dragonball-a11-alph,keep,DragonBall A11,DragonBall Miner,Blake3,1200,GH/s,2300,240V,stock,no,ALPH,Very Loud (75+ dB),Needs Ventilation,,,,single,air,https://pool.kryptex.com/device/asic/dragonball/a11 | https://www.asicminervalue.com/miners/dragonball-miner/a11,2026-10-07,Was missing from catalog; absorbed dragonball-a11-rxd; RXD dual-mining dropped with Radiant,CORRECTED (was 1100 GH/s) - 3 databases,unverified,,
dragonball-a11-rxd,merge,DragonBall A11 (RXD),DragonBall Miner,SHA512256d,3000,GH/s,2300,240V,stock,no,ALPH,Very Loud (75+ dB),Needs Ventilation,,,,single,air,,,Merged into dragonball-a11-alph; Was missing from catalog,,,,
dragonball-a40,keep,DragonBall A40,DragonBall Miner,Blake3,3300,GH/s,1600,240V,stock,no,ALPH,Very Loud (75+ dB),Needs Ventilation,,,,single,air,https://pool.kryptex.com/device/asic/dragonball/a40 | https://www.asicminervalue.com/miners/dragonball-miner/a40,2026-10-07,Was missing from catalog,verified (2 databases),165-300V,,
dragonball-ks6-pp,merge,DragonBall KS6 Pro+,DragonBall,KHeavyHash,11.0,TH/s,3600,240V,stock,no,KAS,,,🍳 Electric oven,dragonball ks6 pro,,single,air,,,Merged into dragonball-ks6-pro-plus; Was missing from calculator,,,,
dragonball-ks6-pro,keep,DragonBall KS6 Pro,DragonBall Miner,KHeavyHash,10500,GH/s,3600,240V,stock,no,KAS,Very Loud (75+ dB),Needs Ventilation,,,,single,air,https://asicminervalue.com/miners/dragonball-miner/ks6-pro | https://miningboard.com/rigs/ks6-pro,2026-10-07,Was missing from catalog,verified (2 databases),165-300V,,
dragonball-ks6-pro-plus,keep,DragonBall KS6 Pro+,DragonBall Miner,KHeavyHash,11000,GH/s,3600,240V,stock,no,KAS,Very Loud (75+ dB),Needs Ventilation,,,,single,air,https://asicminervalue.com/miners/dragonball-miner/ks6-pro-plus | https://minerstat.com/hardware/dragonball-miner-ks6-pro-plus,2026-10-07,Was missing from catalog; absorbed dragonball-ks6-pp,verified (2 databases),unverified,,
e9-pro,keep,E9 Pro,Bitmain,Etchash,3680,MH/s,2200,240V,stock,no,ETC,Very Loud (75+ dB),Needs Ventilation,🍳 Electric oven,antminer e9 pro,,single,air,https://support.bitmain.com/hc/en-us/articles/17663380855833,2026-10-07,,verified (Bitmain official),200-240V,7,about 2035
elphapex-dg-home1,keep,ElphaPex DG Home 1,ElphaPex,Scrypt,2100,MH/s,630,120V,stock,no,LTC;DOGE;BELLS;PEP,,,🔥 Space heater,elphapex dg home 1,,single,air,https://pool.kryptex.com/device/asic/elphapex/dg-home-1 | https://eastcoastasic.com/product/elphapex-dg-home-1/,2026-10-07,Was missing from calculator,"CORRECTED (was 2000 MH/s, 620W) - 4 sources",100-240V,,
elphapex-dg2p,keep,ElphaPex DG2+,ElphaPex,Scrypt,20.5,GH/s,3900,240V,stock,no,LTC;DOGE;BELLS;PEP,,,🍳 Electric oven,elphapex dg2+,,single,air,https://www.asicminervalue.com/miners/elphapex/dg2plus | https://viperatech.com/product/elphapex-dg2-20-5gh-s-3900w,2026-10-07,Was missing from calculator,verified (2 sources),200-240V,,
fluminer-l2,keep,Fluminer L2,Fluminer,Scrypt,1000,MH/s,230,120V,stock,no,LTC;DOGE;BELLS;PEP,,,🖥 Desktop PC,fluminer l2,,single,air,https://pool.kryptex.com/device/asic/fluminer/l2 | https://www.asicminervalue.com/miners/fluminer/fluminer-l2,2026-10-07,Was missing from calculator,verified (3 sources),100-240V,,
goldshell-e-ka1m,keep,Goldshell E-KA1M,Goldshell,KHeavyHash,5.5,TH/s,1800,240V,stock,no,KAS,,,💇 Hair dryer,goldshell e-ka1m,,single,air,https://www.goldshell.com/product/goldshell-e-ka1m/,2026-10-07,Was missing from calculator,verified (Goldshell official),110-240V,,
ibelink-ks-max,keep,iBeLink BM-KS Max,iBeLink,KHeavyHash,10.5,TH/s,3400,240V,stock,no,KAS,,,🍳 Electric oven,ibelink ks max,,single,air,https://pool.kryptex.com/device/asic/ibelink/bm-ks-max | https://www.asicminervalue.com/miners/ibelink/bm-ks-max,2026-10-07,Was missing from calculator,verified (3 sources),190-240V,,
ipollo-v1-mini,keep,iPollo V1 Mini,iPollo,Etchash,300,MH/s,240,120V,stock,no,ETC,Fan (30-50 dB),Room Temp,🖥 Desktop PC,ipollo v1 mini,,single,air,https://ipollo.com/products/ipollo-v-mini,2026-10-07,6 GB memory; Classic (3.6 GB) is below current ETC DAG 4.31 GB,"CORRECTED (was 130 MH/s = V1 Mini Classic, which can no longer mine ETC) - iPollo official",PSU included,6,about 2031-2032
ipollo-v2h,keep,iPollo V2H,iPollo,Etchash,3400,MH/s,475,120V,stock,no,ETC,,,🎮 Gaming PC,ipollo v2h,,single,air,https://ipollo.com/products/ipollo-v2h,2026-10-07,"Sealed liquid-cooled internal PSU; plugs into a wall outlet, no plumbing; 6 GB total, 5.8 GB usable",verified (iPollo official),100-240V,5.8,about 2029-2031
ipollo-v2x,keep,iPollo V2X,iPollo,Etchash,1200,MH/s,165,120V,stock,no,ETC,,,🖥 Desktop PC,ipollo v2x,,single,air,https://ipollo.com/products/v2x,2026-10-07,"Was missing from calculator; 6 GB total, 5.8 GB usable",verified (iPollo official),100-240V,5.8,about 2029-2031
jasminer-x16q-pro,keep,Jasminer X16-Q Pro,Jasminer,Etchash,2050,MH/s,520,120V,stock,no,ETC,,,🎮 Gaming PC,jasminer x16 pro,,single,air,https://pool.kryptex.com/device/asic/jasminer/x16-q-pro | https://www.asicminervalue.com/miners/jasminer/x16-q-pro,2026-10-07,Was missing from calculator,verified (3 databases),110-240V,8,about 2038
ka-box,keep,KA Box,Goldshell,KHeavyHash,1180,GH/s,400,120V,stock,no,KAS,Loud (50-70 dB),Room Temp,🎮 Gaming PC,goldshell ka box,,single,air,https://pool.kryptex.com/device/asic/goldshell/ka-box | https://www.asicminervalue.com/miners/goldshell/ka-box,2026-10-07,,verified (2 databases),12V DC + PSU,,
ka-box-pro,keep,KA Box Pro,Goldshell,KHeavyHash,1600,GH/s,600,120V,stock,no,KAS,Fan (30-50 dB),Room Temp,🎮 Gaming PC,goldshell ka box pro,,single,air,https://www.goldshell.com/product/goldshell-ka-box-pro/,2026-10-07,,verified (Goldshell official),12V DC + PSU,,
ks0,remove,KS0,IceRiver,KHeavyHash,100.0,GH/s,65,120V,stock,no,KAS,Fan (30-50 dB),Room Temp,💡 Incandescent bulb,iceriver ks0,,single,air,,,KS0/1/2 removed,,,,
ks0-pro,remove,KS0 Pro,IceRiver,KHeavyHash,200.0,GH/s,100,120V,stock,no,KAS,Fan (30-50 dB),Room Temp,💡 Incandescent bulb,iceriver ks0 pro,,single,air,,,KS0/KS2 family removed (your decision),,,,
ks0-ultra,remove,KS0 Ultra,IceRiver,KHeavyHash,400.0,GH/s,100,120V,stock,no,KAS,Fan (30-50 dB),Room Temp,💡 Incandescent bulb,iceriver ks0 ultra,,single,air,,,KS0/KS2 family removed (your decision),,,,
ks1,remove,KS1,IceRiver,KHeavyHash,1000.0,GH/s,600,120V,stock,no,KAS,Loud (50-70 dB),Room Temp,🎮 Gaming PC,iceriver ks1,,single,air,,,KS0/1/2 removed,,,,
ks2,remove,KS2,IceRiver,KHeavyHash,2.0,TH/s,1200,120V,stock,no,KAS,Loud (50-70 dB),Needs Ventilation,💇 Hair dryer,iceriver ks2,,single,air,,,KS0/1/2 removed,,,,
ks2-lite,remove,KS2 Lite,IceRiver,KHeavyHash,2.0,TH/s,500,120V,stock,no,KAS,Fan (30-50 dB),Room Temp,🎮 Gaming PC,iceriver ks2 lite,,single,air,,,KS0/KS2 family removed (your decision),,,,
ks3,keep,KS3,IceRiver,KHeavyHash,8,TH/s,3200,240V,stock,no,KAS,Very Loud (75+ dB),Needs Ventilation,🍳 Electric oven,iceriver ks3,,single,air,https://pool.kryptex.com/device/asic/iceriver/ks3 | https://www.asicminervalue.com/miners/iceriver/ks3,2026-10-07,,verified (2 databases),170-300V,,
ks3m,keep,KS3M,IceRiver,KHeavyHash,6,TH/s,3400,240V,stock,no,KAS,Very Loud (75+ dB),Needs Ventilation,🍳 Electric oven,iceriver ks3m,,single,air,https://pool.kryptex.com/device/asic/iceriver/ks3m | https://www.asicminervalue.com/miners/iceriver/ks3m,2026-10-07,,verified (2 databases),170-300V,,
ks5l,keep,KS5L,IceRiver,KHeavyHash,12,TH/s,3400,240V,stock,no,KAS,Very Loud (75+ dB),Needs Ventilation,🍳 Electric oven,iceriver ks5l,,single,air,https://pool.kryptex.com/device/asic/iceriver/ks5l | https://www.asicminervalue.com/miners/iceriver/ks5l,2026-10-07,,verified (3 sources),180-285V,,
ks5m,keep,KS5M,IceRiver,KHeavyHash,15,TH/s,3400,240V,stock,no,KAS,Very Loud (75+ dB),Needs Ventilation,🍳 Electric oven,iceriver ks5m,,single,air,https://pool.kryptex.com/device/asic/iceriver/ks5m | https://www.asicminervalue.com/miners/iceriver/ks5m,2026-10-07,,verified (2 databases),180-285V,,
ks7-lite,keep,KS7 Lite,IceRiver,KHeavyHash,4.2,TH/s,500,120V,stock,no,KAS,Loud (50-70 dB),Room Temp,🎮 Gaming PC,iceriver ks7 lite,,single,air,https://pool.kryptex.com/device/asic/iceriver/ks7-lite | https://www.millionminer.com/product/asic-miner/iceriver-ks7-lite-4-2th,2026-10-07,,verified (2 sources),100-240V,,
l11-20g,keep,Antminer L11 20G,Bitmain,Scrypt,20,GH/s,3680,240V,stock,no,LTC;DOGE;BELLS;PEP,,,🍳 Electric oven,antminer l11,,single,air,https://d-central.tech/miners/antminer-l11-20gh/ | https://pool.kryptex.com/device/asic/bitmain/antminer-l11-20gh,2026-10-07,Was missing from calculator,verified (2 sources),220-277V,,
l11-pro-21g,keep,Antminer L11 Pro 21G,Bitmain,Scrypt,21,GH/s,3612,240V,stock,no,LTC;DOGE;BELLS;PEP,,,🍳 Electric oven,antminer l11 pro,,single,air,https://www.asicminervalue.com/miners/bitmain/antminer-l11-pro-21gh | https://viperatech.com/product/bitmain-antminer-l11-pro-21gh-s,2026-10-07,Was missing from calculator,verified (2 sources),220-277V,,
l3,remove,Antminer L3,Bitmain,Scrypt,250.0,MH/s,400,120V,stock,no,LTC;DOGE;BELLS;PEP,Fan (30-50 dB),Room Temp,🎮 Gaming PC,antminer l3,,single,air,,,Obsolete (your decision),,,,
l3-plus,remove,Antminer L3+,Bitmain,Scrypt,504.0,MH/s,800,120V,stock,no,LTC;DOGE;BELLS;PEP,Loud (50-70 dB),Needs Ventilation,🔥 Space heater,antminer l3+,,single,air,,,Obsolete (your decision),,,,
l3-plusplus,keep,Antminer L3++,Bitmain,Scrypt,596,MH/s,1050,120V,stock,no,LTC;DOGE;BELLS;PEP;QUAI-SCRYPT,Loud (50-70 dB),Needs Ventilation,🔥 Space heater,antminer l3++,,single,air,https://pool.kryptex.com/device/asic/Bitmain/antminer-l3-596mh | https://www.asicminervalue.com/miners/bitmain/antminer-l3-596mh | https://minerstat.com/hardware/bitmain-antminer-l3-596mh,2026-10-07,Your decision: list the 596M version you own,"CORRECTED (power was 942W, which is the 580 version) - 3 databases + owner nameplate (596M)",external APW3++ PSU (100-264V),,
l3pp-quai,merge,Antminer L3++,Bitmain,Scrypt-QUAI,580.0,MH/s,942,120V,stock,no,QUAI,,,🎮 Gaming PC,antminer l3++,,single,air,,,Merged into l3-plusplus; Was missing from calculator,,,,
l7-9050,keep,Antminer L7 9050M,Bitmain,Scrypt,9.05,GH/s,3260,240V,stock,no,LTC;DOGE;BELLS;PEP,Very Loud (75+ dB),Needs Ventilation,🍳 Electric oven,antminer l7,,single,air,https://pool.kryptex.com/articles/bitmain-antminer-l7-en | https://www.antminerdistribution.com/antminer-l7/,2026-10-07,,verified (3 sources),200-240V,,
l7-9050-loki,remove,L7 9050M (Loki),Bitmain,Scrypt,3.6,GH/s,1200,120V,Loki/PSU-bypass 120V,no,LTC;DOGE;BELLS;PEP,,,💇 Hair dryer,antminer l7 loki,,single,air,,,Unsupported: Loki is X19-only and LuxOS does not support the L7,NOT A REAL PRODUCT / UNSUPPORTED,,,
l7-9500,keep,Antminer L7 9500M,Bitmain,Scrypt,9.5,GH/s,3420,240V,stock,no,LTC;DOGE;BELLS;PEP;QUAI-SCRYPT,Very Loud (75+ dB),Needs Ventilation,🍳 Electric oven,antminer l7,,single,air,https://support.bitmain.com/hc/en-us/articles/4415138525337,2026-10-07,absorbed l7-quai,CORRECTED (was 3425W) - Bitmain official,200-240V,,
l7-9500-loki,remove,L7 9500M (Loki),Bitmain,Scrypt,3.8,GH/s,1200,120V,Loki/PSU-bypass 120V,no,LTC;DOGE;BELLS;PEP,Loud (50-70 dB),Needs Ventilation,💇 Hair dryer,antminer l7 loki,,single,air,,,Unsupported: Loki is X19-only and LuxOS does not support the L7,NOT A REAL PRODUCT / UNSUPPORTED,,,
l7-quai,merge,Antminer L7 9500M,Bitmain,Scrypt-QUAI,9500.0,MH/s,3425,240V,stock,no,QUAI,,,🍳 Electric oven,antminer l7 9500,,single,air,,,Merged into l7-9500; Was missing from calculator,,,,
l9-17g,keep,Antminer L9 17G,Bitmain,Scrypt,17,GH/s,3570,240V,stock,no,LTC;DOGE;BELLS;PEP,,,🍳 Electric oven,antminer l9,,single,air,https://d-central.tech/miners/antminer-l9-17gh/ | https://www.asicminervalue.com/miners/bitmain/antminer-l9-17gh,2026-10-07,Was missing from calculator,verified (2 sources),220-277V,,
m30s-pp-112t,keep,Whatsminer M30S++ 112T,MicroBT,SHA-256,112,TH/s,3472,240V,stock,no,BTC;BCH;DGB,Very Loud (75+ dB),Needs Ventilation,🍳 Electric oven,whatsminer m30s++,,single,air,https://pool.kryptex.com/device/asic/microbt/m30s-112th | https://www.asicminervalue.com/miners/microbt/whatsminer-m30s-2,2026-10-07,,verified (2 databases),unverified,,
m50-118t,keep,Whatsminer M50 118T,MicroBT,SHA-256,118,TH/s,3306,240V,stock,no,BTC;BCH;DGB,Very Loud (75+ dB),Needs Ventilation,🍳 Electric oven,whatsminer m50,,single,air,https://miningnow.com/asic-miner/microbt-whatsminer-m50-118th-s | https://d-central.tech/miners/whatsminer-m50/,2026-10-07,,verified (retailer; MicroBT manual implies ~3422W),220-240V,,
m50s-126t,keep,Whatsminer M50S 126T,MicroBT,SHA-256,126,TH/s,3276,240V,stock,no,BTC;BCH;DGB,Very Loud (75+ dB),Needs Ventilation,🍳 Electric oven,whatsminer m50s,,single,air,https://d-central.tech/miners/whatsminer-m50s/ | https://pool.kryptex.com/es/device/asic/MicroBT/m50s,2026-10-07,,verified (MicroBT manual),220-240V,,
m50s-pp-140t,keep,Whatsminer M50S++ 140T,MicroBT,SHA-256,140,TH/s,3080,240V,stock,no,BTC;BCH;DGB,Very Loud (75+ dB),Needs Ventilation,🍳 Electric oven,whatsminer m50s++,,single,air,https://d-central.tech/fr/miners/whatsminer-m50s-plus-plus/ | https://pool.kryptex.com/es/device/asic/MicroBT/m50s-140th,2026-10-07,,verified (MicroBT manual),220-240V,,
m60-170t,keep,Whatsminer M60 170T,MicroBT,SHA-256,170,TH/s,3383,240V,stock,no,BTC;BCH;DGB,Very Loud (75+ dB),Needs Ventilation,🍳 Electric oven,whatsminer m60,,single,air,https://d-central.tech/miners/whatsminer-m60/,2026-10-07,,verified (MicroBT manual efficiency),220-240V,,
m60s-186t,keep,Whatsminer M60S 186T,MicroBT,SHA-256,186,TH/s,3441,240V,stock,no,BTC;BCH;DGB,Very Loud (75+ dB),Needs Ventilation,🍳 Electric oven,whatsminer m60s,,single,air,https://d-central.tech/miners/whatsminer-m60s/ | https://hashrateindex.com/blog/hardware-overview-microbts-whatsminer-m60s-series/,2026-10-07,,verified (MicroBT manual + shop),220-240V,,
m60s-pp-226t,keep,Whatsminer M60S++ 226T,MicroBT,SHA-256,226,TH/s,3503,240V,stock,no,BTC;BCH;DGB,,,🍳 Electric oven,whatsminer m60s++,,single,air,https://d-central.tech/fr/miners/whatsminer-m60s-plus-plus/ | https://hashrateindex.com/rigs/microbt-whatsminer-m60s++,2026-10-07,Was missing from calculator,CORRECTED (was 3600W) - MicroBT manual,220-240V,,
mini-doge,remove,Mini-DOGE,GoldShell,Scrypt,185.0,MH/s,233,120V,stock,no,LTC;DOGE;BELLS;PEP,Fan (30-50 dB),Room Temp,🖥 Desktop PC,goldshell mini doge,,single,air,,,Obsolete (your decision),,,,
mini-doge-iii,keep,Mini-DOGE III,GoldShell,Scrypt,700,MH/s,400,120V,stock,no,LTC;DOGE;BELLS;PEP,Fan (30-50 dB),Room Temp,🎮 Gaming PC,goldshell mini doge iii,,single,air,https://www.goldshell.com/product/goldshell-mini-doge-iii/,2026-10-07,,"CORRECTED (was 760 MH/s, 500W) - Goldshell official",12V DC + PSU,,
mini-doge-pro,remove,Mini-DOGE Pro,GoldShell,Scrypt,205.0,MH/s,220,120V,stock,no,LTC;DOGE;BELLS;PEP,Fan (30-50 dB),Room Temp,🖥 Desktop PC,goldshell mini doge pro,,single,air,,,Obsolete (your decision),,,,
nerdminer,keep,NerdMiner,Open Source,SHA-256,78,kH/s,1,120V,stock,yes,BTC;BCH;DGB,Silent (0-30 dB),Room Temp,🔌 Phone charger,nerdminer,nerdminer,single,air,https://d-central.tech/manuals/nerdminer-setup-guide/,2026-10-07,Calculator had 5e-05 TH/s - catalog value kept,"approximate - open source, varies by board",5V USB,,
rx0,remove,IceRiver RX0,IceRiver,SHA512256d,100.0,GH/s,120,120V,stock,no,,Silent (under 40 dB),Room Temp,💡 Incandescent bulb,iceriver rx0 radiant,,single,air,,,Coin removed (RXD),,,,
rx0-pro,remove,IceRiver RX0 Pro,IceRiver,SHA512256d,300.0,GH/s,350,120V,stock,no,,Fan (30-50 dB),Room Temp,🖥 Desktop PC,iceriver rx0 pro radiant,,single,air,,,Coin removed (RXD),,,,
s17-56t,remove,Antminer S17 56T,Bitmain,SHA-256,56.0,TH/s,2520,240V,stock,no,BTC;BCH;DGB,,,🍳 Electric oven,antminer s17,,single,air,,,T17/S17 removed; Was missing from calculator,,,,
s17-56t-loki,remove,S17 56T (Loki),Bitmain,SHA-256,19.0,TH/s,1200,120V,Loki/PSU-bypass 120V,no,BTC;BCH;DGB,,,💇 Hair dryer,antminer s17 loki,,single,air,,,T17/S17 removed; Was missing from calculator,,,,
s17p-73t,remove,Antminer S17+ 73T,Bitmain,SHA-256,73.0,TH/s,2920,240V,stock,no,BTC;BCH;DGB,,,🍳 Electric oven,antminer s17++,,single,air,,,T17/S17 removed; Was missing from calculator,,,,
s17p-73t-loki,remove,S17+ 73T (Loki),Bitmain,SHA-256,24.0,TH/s,1200,120V,Loki/PSU-bypass 120V,no,BTC;BCH;DGB,,,💇 Hair dryer,antminer s17++ loki,,single,air,,,T17/S17 removed; Was missing from calculator,,,,
s19-82t,keep,Antminer S19 82T,Bitmain,SHA-256,82,TH/s,2829,240V,stock,no,BTC;BCH;DGB,Very Loud (75+ dB),Needs Ventilation,🍳 Electric oven,antminer s19,,single,air,https://support.bitmain.com/hc/en-us/articles/900000253583,2026-10-07,,verified (Bitmain official),200-240V,,
s19-82t-loki,keep,S19 82T (120V),Bitmain,SHA-256,34.8,TH/s,1200,120V,Loki/PSU-bypass 120V,no,BTC;BCH;DGB,Loud (50-70 dB),Needs Ventilation,💇 Hair dryer,antminer s19 loki,,single,air,https://d-central.tech/product/antminer-edition-loki/ | https://hashrateindex.com/blog/psu-bypass-simplifying-home-mining-setups/,2026-10-07,,ESTIMATE: 1200 W / stock 34.5 J/TH (was 33.0),,,
s19-86t,keep,Antminer S19 86T,Bitmain,SHA-256,86,TH/s,2967,240V,stock,no,BTC;BCH;DGB,Very Loud (75+ dB),Needs Ventilation,🍳 Electric oven,antminer s19,,single,air,https://support.bitmain.com/hc/en-us/articles/900000253583,2026-10-07,,verified (Bitmain official),200-240V,,
s19-86t-loki,keep,S19 86T (120V),Bitmain,SHA-256,34.8,TH/s,1200,120V,Loki/PSU-bypass 120V,no,BTC;BCH;DGB,,,💇 Hair dryer,antminer s19 loki,,single,air,https://d-central.tech/product/antminer-edition-loki/ | https://hashrateindex.com/blog/psu-bypass-simplifying-home-mining-setups/,2026-10-07,Was missing from calculator,ESTIMATE: 1200 W / stock 34.5 J/TH (was 34.0),,,
s19-90t,keep,Antminer S19 90T,Bitmain,SHA-256,90,TH/s,3105,240V,stock,no,BTC;BCH;DGB,Very Loud (75+ dB),Needs Ventilation,🍳 Electric oven,antminer s19,,single,air,https://support.bitmain.com/hc/en-us/articles/900000253583,2026-10-07,,CORRECTED (was 3100W) - Bitmain official,200-240V,,
s19-90t-loki,keep,S19 90T (120V),Bitmain,SHA-256,34.8,TH/s,1200,120V,Loki/PSU-bypass 120V,no,BTC;BCH;DGB,Loud (50-70 dB),Needs Ventilation,💇 Hair dryer,antminer s19 loki,,single,air,https://d-central.tech/product/antminer-edition-loki/ | https://hashrateindex.com/blog/psu-bypass-simplifying-home-mining-setups/,2026-10-07,,ESTIMATE: 1200 W / stock 34.5 J/TH (was 36.0),,,
s19-95t,keep,Antminer S19 95T,Bitmain,SHA-256,95,TH/s,3250,240V,stock,no,BTC;BCH;DGB;XEC;FB;QUAI-SHA,Very Loud (75+ dB),Needs Ventilation,🍳 Electric oven,antminer s19,,single,air,https://support.bitmain.com/hc/en-us/articles/900000253583,2026-10-07,absorbed s19-xec; absorbed s19-fb; absorbed s19-quai-sha,verified (Bitmain official),200-240V,,
s19-95t-loki,keep,S19 95T (120V),Bitmain,SHA-256,35.1,TH/s,1200,120V,Loki/PSU-bypass 120V,no,BTC;BCH;DGB,,,💇 Hair dryer,antminer s19 loki,,single,air,https://d-central.tech/product/antminer-edition-loki/ | https://hashrateindex.com/blog/psu-bypass-simplifying-home-mining-setups/,2026-10-07,Was missing from calculator,ESTIMATE: 1200 W / stock 34.2 J/TH (was 38.0),,,
s19-fb,merge,Antminer S19,Bitmain,SHA-256-FB,95.0,TH/s,3250,240V,stock,no,FB,,,🍳 Electric oven,antminer s19,,single,air,,,Merged into s19-95t; Was missing from calculator,,,,
s19-pro-100t,remove,Antminer S19 Pro 100T,Bitmain,SHA-256,100.0,TH/s,3050,240V,stock,no,BTC;BCH;DGB,Very Loud (75+ dB),Needs Ventilation,🍳 Electric oven,antminer s19 pro,,single,air,,,No such Bitmain product (S19 Pro only came in 105T/110T),NOT A REAL PRODUCT / UNSUPPORTED,,,
s19-pro-100t-loki,remove,S19 Pro 100T (120V),Bitmain,SHA-256,40.0,TH/s,1200,120V,Loki/PSU-bypass 120V,no,BTC;BCH;DGB,Loud (50-70 dB),Needs Ventilation,💇 Hair dryer,antminer s19 pro loki,,single,air,,,Base model not a real product,NOT A REAL PRODUCT / UNSUPPORTED,,,
s19-pro-110t,keep,Antminer S19 Pro 110T,Bitmain,SHA-256,110,TH/s,3250,240V,stock,no,BTC;BCH;DGB;XEC,Very Loud (75+ dB),Needs Ventilation,🍳 Electric oven,antminer s19 pro,,single,air,https://support.bitmain.com/hc/en-us/articles/900000261726,2026-10-07,absorbed s19-pro-xec,verified (Bitmain official),200-240V,,
s19-pro-110t-loki,keep,S19 Pro 110T (120V),Bitmain,SHA-256,40.7,TH/s,1200,120V,Loki/PSU-bypass 120V,no,BTC;BCH;DGB,Loud (50-70 dB),Needs Ventilation,💇 Hair dryer,antminer s19 pro loki,,single,air,https://d-central.tech/product/antminer-edition-loki/ | https://hashrateindex.com/blog/psu-bypass-simplifying-home-mining-setups/,2026-10-07,,ESTIMATE: 1200 W / stock 29.5 J/TH (was 44.0),,,
s19-pro-xec,merge,Antminer S19 Pro,Bitmain,SHA-256-XEC,110.0,TH/s,3250,240V,stock,no,XEC,,,🍳 Electric oven,antminer s19 pro,,single,air,,,Merged into s19-pro-110t; Was missing from calculator,,,,
s19-quai-sha,merge,Antminer S19,Bitmain,SHA-256-QUAI,95.0,TH/s,3250,240V,stock,no,QUAI,,,🍳 Electric oven,antminer s19,,single,air,,,Merged into s19-95t; Was missing from calculator,,,,
s19-xec,merge,Antminer S19,Bitmain,SHA-256-XEC,95.0,TH/s,3250,240V,stock,no,XEC,,,🍳 Electric oven,antminer s19,,single,air,,,Merged into s19-95t; Was missing from calculator,,,,
s19-xp-140t,keep,Antminer S19 XP 140T,Bitmain,SHA-256,141,TH/s,3032,240V,stock,no,BTC;BCH;DGB,Very Loud (75+ dB),Needs Ventilation,🍳 Electric oven,antminer s19 xp,,single,air,https://support.bitmain.com/hc/en-us/articles/8906244096409,2026-10-07,,CORRECTED (was 140T/3010W) - Bitmain current official,200-240V,,
s19j-100t,remove,Antminer S19J 100T,Bitmain,SHA-256,100.0,TH/s,3100,240V,stock,no,BTC;BCH;DGB,Very Loud (75+ dB),Needs Ventilation,🍳 Electric oven,antminer s19j,,single,air,,,No such product - duplicate of S19j Pro 100T,NOT A REAL PRODUCT / UNSUPPORTED,,,
s19j-100t-loki,remove,S19J 100T (120V),Bitmain,SHA-256,33.0,TH/s,1200,120V,Loki/PSU-bypass 120V,no,BTC;BCH;DGB,,,💇 Hair dryer,antminer s19j loki,,single,air,,,Base model not a real product,NOT A REAL PRODUCT / UNSUPPORTED,,,
s19j-104t,remove,Antminer S19J 104T,Bitmain,SHA-256,104.0,TH/s,3068,240V,stock,no,BTC;BCH;DGB,Very Loud (75+ dB),Needs Ventilation,🍳 Electric oven,antminer s19j,,single,air,,,No such product - duplicate of S19j Pro 104T,NOT A REAL PRODUCT / UNSUPPORTED,,,
s19j-104t-loki,remove,S19J 104T (120V),Bitmain,SHA-256,35.0,TH/s,1200,120V,Loki/PSU-bypass 120V,no,BTC;BCH;DGB,,,💇 Hair dryer,antminer s19j loki,,single,air,,,Base model not a real product,NOT A REAL PRODUCT / UNSUPPORTED,,,
s19j-90t,keep,Antminer S19J 90T,Bitmain,SHA-256,90,TH/s,3105,240V,stock,no,BTC;BCH;DGB,Very Loud (75+ dB),Needs Ventilation,🍳 Electric oven,antminer s19j,,single,air,https://support.bitmain.com/hc/en-us/articles/4403541716761,2026-10-07,,CORRECTED (was 3250W) - Bitmain official,200-240V,,
s19j-90t-loki,keep,S19J 90T (120V),Bitmain,SHA-256,34.8,TH/s,1200,120V,Loki/PSU-bypass 120V,no,BTC;BCH;DGB,,,💇 Hair dryer,antminer s19j loki,,single,air,https://d-central.tech/product/antminer-edition-loki/ | https://hashrateindex.com/blog/psu-bypass-simplifying-home-mining-setups/,2026-10-07,Was missing from calculator,ESTIMATE: 1200 W / stock 34.5 J/TH (was 30.0),,,
s19j-pro-100t,keep,Antminer S19J Pro 100T,Bitmain,SHA-256,100,TH/s,2950,240V,stock,no,BTC;BCH;DGB,Very Loud (75+ dB),Needs Ventilation,🍳 Electric oven,antminer s19j pro,,single,air,https://support.bitmain.com/hc/en-us/articles/900006762746,2026-10-07,,verified (Bitmain official),200-240V,,
s19j-pro-100t-loki,keep,S19J Pro 100T (120V),Bitmain,SHA-256,40.7,TH/s,1200,120V,Loki/PSU-bypass 120V,no,BTC;BCH;DGB,,,💇 Hair dryer,antminer s19j pro loki,,single,air,https://d-central.tech/product/antminer-edition-loki/ | https://hashrateindex.com/blog/psu-bypass-simplifying-home-mining-setups/,2026-10-07,Was missing from calculator,ESTIMATE: 1200 W / stock 29.5 J/TH (was 40.0),,,
s19j-pro-104t,keep,Antminer S19J Pro 104T,Bitmain,SHA-256,104,TH/s,3068,240V,stock,no,BTC;BCH;DGB,Very Loud (75+ dB),Needs Ventilation,🍳 Electric oven,antminer s19j pro,,single,air,https://support.bitmain.com/hc/en-us/articles/900006762746,2026-10-07,,verified (Bitmain official),200-240V,,
s19j-pro-104t-loki,keep,S19J Pro 104T (120V),Bitmain,SHA-256,40.7,TH/s,1200,120V,Loki/PSU-bypass 120V,no,BTC;BCH;DGB,Loud (50-70 dB),Needs Ventilation,💇 Hair dryer,antminer s19j pro loki,,single,air,https://d-central.tech/product/antminer-edition-loki/ | https://hashrateindex.com/blog/psu-bypass-simplifying-home-mining-setups/,2026-10-07,,ESTIMATE: 1200 W / stock 29.5 J/TH (was 42.0),,,
s19j-pro-96t,keep,Antminer S19J Pro 96T,Bitmain,SHA-256,96,TH/s,2832,240V,stock,no,BTC;BCH;DGB,Very Loud (75+ dB),Needs Ventilation,🍳 Electric oven,antminer s19j pro,,single,air,https://support.bitmain.com/hc/en-us/articles/900006762746,2026-10-07,,verified (Bitmain official),200-240V,,
s19j-pro-96t-loki,keep,S19J Pro 96T (120V),Bitmain,SHA-256,40.7,TH/s,1200,120V,Loki/PSU-bypass 120V,no,BTC;BCH;DGB,Loud (50-70 dB),Needs Ventilation,💇 Hair dryer,antminer s19j pro loki,,single,air,https://d-central.tech/product/antminer-edition-loki/ | https://hashrateindex.com/blog/psu-bypass-simplifying-home-mining-setups/,2026-10-07,,ESTIMATE: 1200 W / stock 29.5 J/TH (was 38.0),,,
s19j-xp-151t,keep,Antminer S19J XP 151T,Bitmain,SHA-256,151,TH/s,3247,240V,stock,no,BTC;BCH;DGB,Very Loud (75+ dB),Needs Ventilation,🍳 Electric oven,antminer s19j xp,,single,air,https://support.bitmain.com/hc/en-us/articles/20090196798361,2026-10-07,,verified (Bitmain official),220-277V,,
s19k-pro-120t,keep,Antminer S19K Pro 120T,Bitmain,SHA-256,120,TH/s,2760,240V,stock,no,BTC;BCH;DGB,Very Loud (75+ dB),Needs Ventilation,🍳 Electric oven,antminer s19k pro,,single,air,https://support.bitmain.com/hc/en-us/articles/23833956049049,2026-10-07,,verified (Bitmain official),200-240V,,
s19k-pro-120t-loki,keep,S19K Pro 120T (120V),Bitmain,SHA-256,52.2,TH/s,1200,120V,Loki/PSU-bypass 120V,no,BTC;BCH;DGB,Loud (50-70 dB),Needs Ventilation,💇 Hair dryer,antminer s19k pro loki,,single,air,https://d-central.tech/product/antminer-edition-loki/ | https://hashrateindex.com/blog/psu-bypass-simplifying-home-mining-setups/,2026-10-07,,ESTIMATE: 1200 W / stock 23 J/TH (was 48.0),,,
s19k-pro-136t,remove,Antminer S19K Pro 136T,Bitmain,SHA-256,136.0,TH/s,3264,240V,stock,no,BTC;BCH;DGB,Very Loud (75+ dB),Needs Ventilation,🍳 Electric oven,antminer s19k pro,,single,air,,,D-Central: 136T figure is incorrect; Bitmain/AMV/Hashrate Index list 120T only,NOT AN OFFICIAL SPEC,,,
s19k-pro-136t-loki,remove,S19K Pro 136T (120V),Bitmain,SHA-256,52.2,TH/s,1200,120V,Loki/PSU-bypass 120V,no,BTC;BCH;DGB,Loud (50-70 dB),Needs Ventilation,💇 Hair dryer,antminer s19k pro loki,,single,air,https://d-central.tech/product/antminer-edition-loki/ | https://hashrateindex.com/blog/psu-bypass-simplifying-home-mining-setups/,2026-10-07,D-Central: 136T figure is incorrect; Bitmain/AMV/Hashrate Index list 120T only,NOT AN OFFICIAL SPEC,,,
s21-200t,keep,Antminer S21 200T,Bitmain,SHA-256,200,TH/s,3500,240V,stock,no,BTC;BCH;DGB;FB;QUAI-SHA,Very Loud (75+ dB),Needs Ventilation,🍳 Electric oven,antminer s21,,single,air,https://support.bitmain.com/hc/en-us/articles/23794895251609,2026-10-07,absorbed s21-fb; absorbed s21-quai-sha,verified (Bitmain official),220-277V,,
s21-200t-loki,keep,S21 200T (120V),Bitmain,SHA-256,64,TH/s,1200,120V,Loki/PSU-bypass 120V,no,BTC;BCH;DGB,Loud (50-70 dB),Needs Ventilation,💇 Hair dryer,antminer s21 loki,,single,air,https://twitter.com/altair_tech/status/1779572375945683056 | https://d-central.tech/underclock/antminer-s21/,2026-10-07,Stock S21 PSU is 220-277V only - requires PSU swap,PUBLISHED: Altair 64 TH/s triple-board Loki rig on 110V (wattage not stated); needs Loki or LuxOS PSU Bypass + APW3++/APW7,,,
s21-fb,merge,Antminer S21,Bitmain,SHA-256-FB,200.0,TH/s,3500,240V,stock,no,FB,,,🍳 Electric oven,antminer s21,,single,air,,,Merged into s21-200t; Was missing from calculator,,,,
s21-plus-235t,keep,Antminer S21+ 235T,Bitmain,SHA-256,235,TH/s,3877,240V,stock,no,BTC;BCH;DGB,,,🍳 Electric oven,antminer s21++,,single,air,https://www.asicminervalue.com/miners/bitmain/antminer-s21-plus | https://miningnow.com/asic-miner/bitmain-antminer-s21-plus-235th-s/,2026-10-07,Was missing from calculator,verified (2 databases),220-277V,,
s21-pro-234t,keep,Antminer S21 Pro 234T,Bitmain,SHA-256,234,TH/s,3510,240V,stock,no,BTC;BCH;DGB,Very Loud (75+ dB),Needs Ventilation,🍳 Electric oven,antminer s21 pro,,single,air,https://support.bitmain.com/hc/en-us/articles/31321354157593,2026-10-07,,verified (Bitmain official),220-277V,,
s21-quai-sha,merge,Antminer S21,Bitmain,SHA-256-QUAI,200.0,TH/s,3500,240V,stock,no,QUAI,,,🍳 Electric oven,antminer s21,,single,air,,,Merged into s21-200t; Was missing from calculator,,,,
s21-xp-270t,keep,Antminer S21 XP 270T,Bitmain,SHA-256,270,TH/s,3645,240V,stock,no,BTC;BCH;DGB,Very Loud (75+ dB),Needs Ventilation,🍳 Electric oven,antminer s21 xp,,single,air,https://support.bitmain.com/hc/en-us/articles/35383015643673,2026-10-07,,verified (Bitmain official),220-277V,,
s23-318t,keep,Antminer S23 318T,Bitmain,SHA-256,318,TH/s,3498,240V,stock,no,BTC;BCH;DGB,,,🍳 Electric oven,antminer s23,,single,air,https://www.asicminervalue.com/en/miners/bitmain/antminer-s23-318th | https://pool.kryptex.com/device/asic/bitmain/antminer-s23-318th | https://altairtech.io/product/bitmain-antminer-s23-318t-bitcoin-mining/ | https://millionminer.com/product/asic-miner/bitmain-antminer-s23-318th,2026-10-07,Was missing from calculator,verified (4 sources); voltage per 2 named sellers,"220-277V single-phase (Altair, MillionMiner)",,
t17-40t,remove,Antminer T17 40T,Bitmain,SHA-256,40.0,TH/s,2200,240V,stock,no,BTC;BCH;DGB,,,🍳 Electric oven,antminer t17,,single,air,,,T17/S17 removed; Was missing from calculator,,,,
t17-40t-loki,remove,T17 40T (Loki),Bitmain,SHA-256,13.0,TH/s,1200,120V,Loki/PSU-bypass 120V,no,BTC;BCH;DGB,,,💇 Hair dryer,antminer t17 loki,,single,air,,,T17/S17 removed; Was missing from calculator,,,,
t17p-64t,remove,Antminer T17+ 64T,Bitmain,SHA-256,64.0,TH/s,3200,240V,stock,no,BTC;BCH;DGB,,,🍳 Electric oven,antminer t17++,,single,air,,,T17/S17 removed; Was missing from calculator,,,,
t17p-64t-loki,remove,T17+ 64T (Loki),Bitmain,SHA-256,21.0,TH/s,1200,120V,Loki/PSU-bypass 120V,no,BTC;BCH;DGB,,,💇 Hair dryer,antminer t17++ loki,,single,air,,,T17/S17 removed; Was missing from calculator,,,,
volcminer-d1-mini,keep,VolcMiner D1 Mini Pre,VolcMiner,Scrypt,2200,MH/s,500,120V,stock,no,LTC;DOGE;BELLS;PEP,,,🎮 Gaming PC,volcminer d1 mini,,single,air,https://hashrateindex.com/blog/volcminer-d1-mini-pre-review/ | https://www.asicminervalue.com/en/miners/volcminer/volc-mini,2026-10-07,Was missing from calculator,verified (2 sources),90-260V,,
z11,keep,Antminer Z11,Bitmain,Equihash,135,kSol/s,1418,240V,stock,no,ZEC;KMD,Very Loud (75+ dB),Needs Ventilation,💇 Hair dryer,antminer z11,,single,air,https://support.bitmain.com/hc/en-us/articles/360020009574,2026-10-07,,verified (Bitmain official),external PSU,,
z11e,keep,Antminer Z11e,Bitmain,Equihash,70,kSol/s,1390,240V,stock,no,ZEC;KMD,Very Loud (75+ dB),Needs Ventilation,💇 Hair dryer,antminer z11e,,single,air,https://pool.kryptex.com/device/asic/bitmain/antminer-z11e,2026-10-07,,verified (2 sources),external PSU,,
z15,keep,Antminer Z15,Bitmain,Equihash,420,kSol/s,1510,240V,stock,no,ZEC;KMD,Very Loud (75+ dB),Needs Ventilation,💇 Hair dryer,antminer z15,,single,air,https://support.bitmain.com/hc/en-us/articles/900001323646-Z15-Series-Specifications,2026-10-07,,verified (Bitmain official),external PSU,,
z15-pro,keep,Antminer Z15 Pro,Bitmain,Equihash,840,kSol/s,2780,240V,stock,no,ZEC;KMD,Very Loud (75+ dB),Needs Ventilation,🍳 Electric oven,antminer z15 pro,,single,air,https://support.bitmain.com/hc/en-us/articles/19259431024281-Z15-Pro-Specifications,2026-10-07,Calculator had 2560W - catalog value kept,verified (Bitmain official),200-240V,,
z9-mini,keep,Antminer Z9 Mini,Bitmain,Equihash,10,kSol/s,300,120V,stock,no,ZEC;KMD,Moderate (50-65 dB),Room Temp,🖥 Desktop PC,antminer z9 mini,,single,air,https://www.asicminervalue.com/miners/bitmain/antminer-z9-mini,2026-10-07,,verified (2 databases),external PSU,,
