section,data_coin,icon,tag,tag_class,note,shop_links,order,status
Bitcoin (BTC),btc,&#x20BF;,SHA-256,coin-tag-btc,Largest mining pools by hashrate. FPPS pools provide most predictable income for home miners.,Antminer S19|antminer+s19|pl_btc_s19;Antminer S21|antminer+s21|pl_btc_s21,10,keep
Bitcoin Cash (BCH),bch,&#x20BF;,SHA-256,coin-tag-bch,Same algorithm as Bitcoin. Can use SHA-256 ASICs. Lower difficulty than BTC.,Antminer S19|antminer+s19|pl_bch_s19;Antminer S21|antminer+s21|pl_bch_s21,20,keep
Bitcoin SV (BSV),bsv,&#x20BF;,SHA-256,coin-tag-bsv,"Same algorithm and hardware as BTC and BCH. 3.125 BSV per block, about 10-minute blocks. Coinbase and Robinhood no longer list BSV, so check where you will sell before mining it.",Antminer S19|antminer+s19|pl_bsv_s19;Antminer S21|antminer+s21|pl_bsv_s21,25,add
Litecoin + Dogecoin,ltc doge,&#x141;,Scrypt,coin-tag-ltc,"Scrypt pools typically offer merged mining, earning both LTC and DOGE with the same hashpower at no extra cost. Some pools also merge-mine BELLS, PEP, and other Scrypt coins.",Antminer L7|antminer+l7|pl_ltc_l7;Antminer L3++|antminer+l3%2B%2B|pl_ltc_l3,30,keep
Kaspa (KAS),kas,&#x25C6;,KHeavyHash,coin-tag-kas,Fast-growing DAG-based cryptocurrency. ASIC mining has become dominant in 2024-2025.,IceRiver KS5L|iceriver+ks5l|pl_kas_ks5l;Antminer KS5|antminer+ks5|pl_kas_ks5,40,keep
Ethereum Classic (ETC),etc,&#x26A0;,Etchash,coin-tag-etc,Popular for GPU miners. ASIC miners like iPollo V1 Mini work well for home setups.,iPollo V1 Mini|ipollo+v1+mini|pl_etc_ipollo,50,keep
Zcash (ZEC),zec,&#x250F;,Equihash,coin-tag-zec,Privacy-focused cryptocurrency. Requires Equihash ASIC miners like Z15 series.,Antminer Z15|antminer+z15|pl_zec_z15,60,keep
Dash (DASH),dash,&#x110;,X11,coin-tag-dash,Digital cash focused. X11 algorithm requires specific ASIC miners like D9.,Antminer D9|antminer+d9|pl_dash_d9,70,keep
DigiByte (DGB),dgb,&#xD0;,SHA-256 / Scrypt,coin-tag-dgb,Multi-algorithm coin (5 algos). SHA-256 and Scrypt ASIC miners can mine DGB. 15-second block times.,Antminer S19|antminer+s19|pl_dgb_s19;Antminer L7|antminer+l7|pl_dgb_l7,80,keep
eCash (XEC),xec,&#x20B8;,SHA-256,coin-tag-xec,SHA-256 algorithm. Same hardware as BTC. Small network (~50 PH/s) means higher per-TH yields. NOWNodes is the only shared RPC provider for XEC.,Antminer S19|antminer+s19|pl_xec_s19,90,keep
Alephium (ALPH),alph,&#x1F48E;,Blake3,coin-tag-alph,"Blake3 algorithm. ASIC miners (Goldshell AL series, Bitmain AL1) dominate. ~14 PH/s network. Block time 64 seconds. Can dual-mine with ETC on some GPU setups.",Goldshell AL|goldshell+al+box|pl_alph_goldshell;Bitmain AL1|bitmain+al1|pl_alph_al1,100,keep
Fractal Bitcoin (FB),fb,&#x20BF;,SHA-256,coin-tag-fb,SHA-256 standalone mining. 621 EH/s network. 30-second blocks. 2 out of every 3 blocks are permissionless (point your SHA-256 ASIC directly). 1 in 3 blocks is merge-mined with BTC.,Antminer S19|antminer+s19|pl_fb_s19,110,keep
Radiant (RXD),rxd,&#x25C6;,SHA512256d,coin-tag-rxd,"SHA512256d algorithm. 5-minute blocks. Block reward halved to 12,500 RXD in April 2026. IceRiver RX0 and RX0 Pro are the primary ASICs. Small but growing hashrate.",IceRiver RX0|iceriver+rx0|pl_rxd_rx0,120,remove
Quai Network (QUAI),quai,&#x2655;,SHA-256 / Scrypt,coin-tag-quai,"Multi-shard network. Cyprus-1 is the primary zone. SHA-256 ASICs (S19, S21) and Scrypt ASICs (L3++, L7) both mine QUAI on different zone chains. 1.1-second block time. Point your miner to the correct zone endpoint.",Antminer S19|antminer+s19|pl_quai_s19;Antminer L7|antminer+l7|pl_quai_l7,130,keep
Peercoin (PPC),ppc,&#x269C;,SHA-256,coin-tag-ppc,"SHA-256 algorithm. Same hardware as BTC. Hybrid PoW/PoS chain launched in 2012. Block reward is variable (~37 PPC). Observed block time is ~45 minutes. Pool selection is thin — few pools still actively support PPC, so verify status before pointing miners.",Antminer S19|antminer+s19|pl_ppc_s19,140,remove
Nervos (CKB),ckb,&#x25C8;,Eaglesong,coin-tag-ckb,Eaglesong algorithm. Watch list only - not shown on the site.,Goldshell CK Box|goldshell+ck+box|pl_ckb_ckbox,900,watch
